Supplier_Lead_Time,Inventory_Levels,Order_Frequency,Delivery_Performance,Cost_Per_Unit
1.000000,0.273109,-0.888499,-0.904841,0.952374
0.273109,1.000000,-0.299613,-0.290125,0.312775
-0.888499,-0.299613,1.000000,0.869116,-0.907098
-0.904841,-0.290125,0.869116,1.000000,-0.921644
0.952374,0.312775,-0.907098,-0.921644,1.000000
